<?xml version="1.0" encoding="UTF-8"?>
<project-private xmlns="http://www.netbeans.org/ns/project-private/1">
    <editor-bookmarks xmlns="http://www.netbeans.org/ns/editor-bookmarks/2" lastBookmarkId="4">
        <file>
            <url>src/Modelo/ArticuloBD_IMP.java</url>
            <bookmark id="2">
                <name/>
                <line>86</line>
                <key/>
            </bookmark>
            <bookmark id="3">
                <name/>
                <line>93</line>
                <key/>
            </bookmark>
        </file>
        <file>
            <url>src/Ejercicio00_inventario/IntegracionMySQL.java</url>
            <bookmark id="1">
                <name/>
                <line>58</line>
                <key/>
            </bookmark>
        </file>
        <file>
            <url>src/Controlador/Operaciones.java</url>
            <bookmark id="4">
                <name/>
                <line>51</line>
                <key/>
            </bookmark>
        </file>
    </editor-bookmarks>
    <open-files xmlns="http://www.netbeans.org/ns/projectui-open-files/2">
        <group>
            <file>file:/C:/Users/Pale%20Parra/Documents/0.0%20T%20R%20A%20B%20A%20J%20O/Semestre%2004/PRINCIPIOS%20DE%20CONSTRUCCIÓN%20DE%20SOFTWARE/Inventario%20(con%20base%20de%20datos)/Inventario/src/Controlador/Operaciones.java</file>
            <file>file:/C:/Users/Pale%20Parra/Documents/0.0%20T%20R%20A%20B%20A%20J%20O/Semestre%2004/PRINCIPIOS%20DE%20CONSTRUCCIÓN%20DE%20SOFTWARE/Inventario%20(con%20base%20de%20datos)/Inventario/src/Modelo/ArticuloBD_IMP.java</file>
            <file>file:/C:/Users/Pale%20Parra/Documents/0.0%20T%20R%20A%20B%20A%20J%20O/Semestre%2004/PRINCIPIOS%20DE%20CONSTRUCCIÓN%20DE%20SOFTWARE/Inventario%20(con%20base%20de%20datos)/Inventario/src/Modelo/TicketVentaBD_IMP.java</file>
        </group>
    </open-files>
</project-private>
